{
	"aboutCovid": {
		"card1": {
			"header": "What to know about coronaviruses",
			"para1": "Coronaviruses typically affect the respiratory tracts of birds and\n            mammals, including humans. Doctors associate them with the common\n            cold, bronchitis, pneumonia, severe acute respiratory syndrome\n            (SARS), and coronavirus disease 2019 (COVID-19). These viruses can\n            also affect the gut.",
			"para2": "Coronaviruses usually cause the common cold, though they can be\n            responsible for more severe illnesses. Over the past 80 years,\n            scientists have found that these viruses can infect mice, rats,\n            dogs, cats, turkeys, horses, pigs, and cattle. Sometimes, these\n            animals transmit the viruses to humans."
		},
		"card2": {
			"header": "What is a COVID-19?",
			"para1": "In 2019, the Centers for Disease Control and Prevention (CDC) started monitoring the outbreak of a new coronavirus, SARS-CoV-2, which causes COVID-19. Authorities first identified the virus in Wuhan, China.Since then, the virus has spread to nearly every country.",
			"para2": "The first people with COVID-19 had links to an animal and seafood market. This suggests that animals initially transmitted the virus to humans. Then, people with no connections to the market developed the disease, confirming that humans can pass the virus to each other."
		},
		"card3": {
			"header": "Symptoms of COVID-19",
			"list": {
				"point1": "a fever, chills, a cough",
				"point2": "shortness of breath or difficulty breathing",
				"point3": "sore throat",
				"point4": "congestion or a runny nose",
				"point5": "fatigue, headache, muscle pain",
				"point6": "new loss of taste or smell nausea or vomiting, diarrhea."
			},
			"para1": "According to the CDC, people may start to experience symptoms 2–14 days after exposure to the virus. Symptoms may include:"
		},
		"card4": {
			"header": "General symptoms of coronavirus infections",
			"list": {
				"point1": "a runny nose",
				"point2": "a headache",
				"point3": "a fever",
				"point4": "a cough",
				"point5": "a sore throat",
				"point6": "generally feeling unwell"
			},
			"para1": "Cold- or flu-like symptoms usually set in around 2–4 days after the infection develops. Symptoms may include:"
		},
		"card5": {
			"header": "Types of CoronaVirus",
			"list": {
				"point1": "229E (alpha coronavirus)",
				"point2": "NL63 (alpha coronavirus)",
				"point3": "OC43 (beta coronavirus)",
				"point4": "HKU1 (beta coronavirus)"
			},
			"para1": "Different types of coronavirus vary, in terms of the severity of disease that they cause and how far they spread.\nRarer strains that cause more severe illnesses include MERS-CoV, which causes the disease MERS, and SARS-CoV, the virus responsible for SARS."
		},
		"card6": {
			"header": "Transmission",
			"list": {
				"point1": "coughs or sneezes without covering their mouth, dispersing droplets into the air",
				"point2": "touches someone who has the infection",
				"point3": "touches a surface that has the virus, then touches their own nose, eyes, or mouth"
			},
			"para1": "Researchers believe that the viruses transmit via fluids in the respiratory system, such as mucus. For example, a coronavirus can spread when a person:"
		}
	},
	"active": "Active",
	"confirmed": "Confirmed",
	"country": "India",
	"deceased": "Deceased",
	"errorMessage": "Something went wrong, please try again later",
	"graph": {
		"activeCase": "Active cases",
		"confirmedCase": "Confirmed cases",
		"deceasedCase": "Deceased cases",
		"graphHeading": "COVID-19 cases",
		"last15Days": "Last 15 days",
		"recoveredCase": "Recovered cases",
		"selectAttribute": "Select an attribute",
		"selectDistrict": "Select District",
		"selectState": "Select State"
	},
	"menu": {
		"aboutCovid": "About Covid-19",
		"home": "Home"
	},
	"recovered": "Recovered",
	"state": "State",
	"stateColumn": {
		"Andaman and Nicobar Islands": {
			"Nicobars": "Nicobars",
			"North and Middle Andaman": "North and Middle Andaman",
			"South Andaman": "South Andaman",
			"Unknown": "Unknown"
		},
		"Andhra Pradesh": {
			"Anantapur": "Anantapur",
			"Chittoor": "Chittoor",
			"East Godavari": "East Godavari",
			"Foreign Evacuees": "Foreign Evacuation",
			"Guntur": "Guntur",
			"Krishna": "Krishna",
			"Kurnool": "Kurnool",
			"Other State": "Other State",
			"Prakasam": "Prakasam",
			"S.P.S. Nellore": "Nellore",
			"Srikakulam": "Srikakulam",
			"Visakhapatnam": "Visakhapatnam",
			"Vizianagaram": "Vizianagaram",
			"West Godavari": "West Godavari",
			"Y.S.R. Kadapa": "YSR Kadapa"
		},
		"Arunachal Pradesh": {
			"Anjaw": "Anjaw",
			"Changlang": "Changlang",
			"Dibang Valley": "Dibang Valley",
			"East Kameng": "East Kameng",
			"East Siang": "East Siang",
			"Kamle": "Kamle",
			"Kra Daadi": "Kra Daadi",
			"Kurung Kumey": "Kurung Kumey",
			"Lepa Rada": "Lepa Rada",
			"Lohit": "Lohit",
			"Longding": "Longding",
			"Lower Dibang Valley": "Lower Dibang Valley",
			"Lower Siang": "Lower Siang",
			"Lower Subansiri": "Lower Subansiri",
			"Namsai": "Namsai",
			"Pakke Kessang": "Pakke Kessang",
			"Papum Pare": "Papum Pare",
			"Shi Yomi": "Shi Yomi",
			"Siang": "Siang",
			"Tawang": "Tawang",
			"Tirap": "Tirap",
			"Upper Dibang Valley": "Upper Dibang Valley",
			"Upper Siang": "Upper Siang",
			"Upper Subansiri": "Upper Subansiri",
			"West Kameng": "West Kameng",
			"West Siang": "West Siang"
		},
		"Assam": {
			"Airport Quarantine": "Airport Quarantine",
			"Baksa": "Baksa",
			"Barpeta": "Barpeta",
			"Biswanath": "Biswanath",
			"Bongaigaon": "Bongaigaon",
			"Cachar": "Cachar",
			"Charaideo": "Charaideo",
			"Chirang": "Chirang",
			"Darrang": "Darrang",
			"Dhemaji": "Dhemaji",
			"Dhubri": "Dhubri",
			"Dibrugarh": "Dibrugarh",
			"Dima Hasao": "Dima Hasao",
			"Goalpara": "Goalpara",
			"Golaghat": "Golaghat",
			"Hailakandi": "Hailakandi",
			"Hojai": "Hojai",
			"Jorhat": "Jorhat",
			"Kamrup": "Kamrup",
			"Kamrup Metropolitan": "Kamrup Metropolitan",
			"Karbi Anglong": "Karbi Anglong",
			"Karimganj": "Karimganj",
			"Kokrajhar": "Kokrajhar",
			"Lakhimpur": "Lakhimpur",
			"Majuli": "Majuli",
			"Morigaon": "Morigaon",
			"Nagaon": "Nagaon",
			"Nalbari": "Nalbari",
			"Other State": "Other State",
			"Sivasagar": "Sivasagar",
			"Sonitpur": "Sonitpur",
			"South Salmara Mankachar": "South Salmara Mankachar",
			"Tinsukia": "Tinsukia",
			"Udalguri": "Udalguri",
			"Unknown": "Unknown",
			"West Karbi Anglong": "West Karbi Anglong"
		},
		"Bihar": {
			"Araria": "Araria",
			"Arwal": "Arwal",
			"Aurangabad": "Aurangabad",
			"Banka": "Banka",
			"Begusarai": "Begusarai",
			"Bhagalpur": "Bhagalpur",
			"Bhojpur": "Bhojpur",
			"Buxar": "Buxar",
			"Darbhanga": "Darbhanga",
			"East Champaran": "East Champaran",
			"Gaya": "Gaya",
			"Gopalganj": "Gopalganj",
			"Jamui": "Jamui",
			"Jehanabad": "Jehanabad",
			"Kaimur": "Kaimur",
			"Katihar": "Katihar",
			"Khagaria": "Khagaria",
			"Kishanganj": "Kishanganj",
			"Lakhisarai": "Lakhisarai",
			"Madhepura": "Madhepura",
			"Madhubani": "Madhubani",
			"Munger": "Munger",
			"Muzaffarpur": "Muzaffarpur",
			"Nalanda": "Nalanda",
			"Nawada": "Nawada",
			"Patna": "Patna",
			"Purnia": "Purnia",
			"Rohtas": "Rohtas",
			"Saharsa": "Saharsa",
			"Samastipur": "Samastipur",
			"Saran": "Saran",
			"Sheikhpura": "Sheikhpura",
			"Sheohar": "Sheohar",
			"Sitamarhi": "Sitamarhi",
			"Siwan": "Siwan",
			"Supaul": "Supaul",
			"Vaishali": "Vaishali",
			"West Champaran": "West Champaran"
		},
		"Chandigarh": {
			"Chandigarh": "Chandigarh"
		},
		"Chhattisgarh": {
			"Balod": "Balod",
			"Baloda Bazar": "Baloda Bazar",
			"Balrampur": "Balrampur",
			"Bametara": "Bametara",
			"Bastar": "Bastar",
			"Bijapur": "Bijapur",
			"Bilaspur": "Bilaspur",
			"Dakshin Bastar Dantewada": "Dakshin Bastar Dantewada",
			"Dhamtari": "Dhamtari",
			"Durg": "Durg",
			"Gariaband": "Gariaband",
			"Gaurela Pendra Marwahi": "Gaurela Pendra Marwahi",
			"Janjgir Champa": "Janjgir Champa",
			"Jashpur": "Jashpur",
			"Kabeerdham": "Kabeerdham",
			"Kanker (North Bastar)": "Kanker (North Bastar)",
			"Kondagaon": "Kondagaon",
			"Korba": "Korba",
			"Koriya": "Koriya",
			"Mahasamund": "Mahasamund",
			"Mungeli": "Mungeli",
			"Narayanpur": "Narayanpur",
			"Other State": "Other State",
			"Raigarh": "Raigarh",
			"Raipur": "Raipur",
			"Rajnandgaon": "Rajnandgaon",
			"Sukma": "Sukma",
			"Surajpur": "Surajpur",
			"Surguja": "Surguja",
			"Uttar Bastar Kanker": "Uttar Bastar Kanker"
		},
		"Dadra and Nagar Haveli and Daman and Diu": {
			"Dadra and Nagar Haveli": "Dadra & Nagar Haveli",
			"Daman": "Daman",
			"Diu": "Diu",
			"Other State": "Other State"
		},
		"Delhi": {
			"Central Delhi": "Central Delhi",
			"East Delhi": "East Delhi",
			"New Delhi": "New Delhi",
			"North Delhi": "North Delhi",
			"North East Delhi": "North East Delhi",
			"North West Delhi": "North West Delhi",
			"Shahdara": "Shahdara",
			"South Delhi": "South Delhi",
			"South East Delhi": "South East Delhi",
			"South West Delhi": "South West Delhi",
			"Unknown": "Unknown",
			"West Delhi": "West Delhi"
		},
		"Goa": {
			"North Goa": "North Goa",
			"Other State": "Other State",
			"South Goa": "South Goa",
			"Unknown": "Unknown"
		},
		"Gujarat": {
			"Ahmedabad": "Ahmedabad",
			"Amreli": "Amreli",
			"Anand": "Anand",
			"Aravalli": "Aravalli",
			"Banaskantha": "Banaskantha",
			"Bharuch": "Bharuch",
			"Bhavnagar": "Bhavnagar",
			"Botad": "Botad",
			"Chhota Udaipur": "Chhota Udaipur",
			"Dahod": "Dahod",
			"Dang": "Dang",
			"Devbhumi Dwarka": "Devbhumi Dwarka",
			"Gandhinagar": "Gandhinagar",
			"Gir Somnath": "Gir Somnath",
			"Jamnagar": "Jamnagar",
			"Junagadh": "Junagadh",
			"Kachchh": "Kachchh",
			"Kheda": "Kheda",
			"Kutch": "Kutch",
			"Mahisagar": "Mahisagar",
			"Mehsana": "Mehsana",
			"Morbi": "Morbi",
			"Narmada": "Narmada",
			"Navsari": "Navsari",
			"Other State": "Other State",
			"Panchmahal": "Panchmahal",
			"Patan": "Patan",
			"Porbandar": "Porbandar",
			"Rajkot": "Rajkot",
			"Sabarkantha": "Sabarkantha",
			"Surat": "Surat",
			"Surendranagar": "Surendranagar",
			"Tapi": "Tapi",
			"Vadodara": "Vadodara",
			"Valsad": "Valsad"
		},
		"Haryana": {
			"Ambala": "Ambala",
			"Bhiwani": "Bhiwani",
			"Charkhi Dadri": "Charkhi Dadri",
			"Faridabad": "Faridabad",
			"Fatehabad": "Fatehabad",
			"Foreign Evacuees": "Foreign Evacuees",
			"Gurgaon": "Gurgaon",
			"Gurugram": "Gurugram",
			"Hisar": "Hisar",
			"Italians": "Italians",
			"Jhajjar": "Jhajjar",
			"Jind": "Jind",
			"Kaithal": "Kaithal",
			"Karnal": "Karnal",
			"Kurukshetra": "Kurukshetra",
			"Mahendragarh": "Mahendragarh",
			"Mewat": "Mewat",
			"Nuh": "Nuh",
			"Palwal": "Palwal",
			"Panchkula": "Panchkula",
			"Panipat": "Panipat",
			"Rewari": "Rewari",
			"Rohtak": "Rohtak",
			"Sirsa": "Sirsa",
			"Sonipat": "Sonipat",
			"Yamunanagar": "Yamunanagar"
		},
		"Himachal Pradesh": {
			"Bilaspur": "Bilaspur",
			"Chamba": "Chamba",
			"Hamirpur": "Hamirpur",
			"Kangra": "Kangra",
			"Kinnaur": "Kinnaur",
			"Kullu": "Kullu",
			"Lahaul and Spiti": "Lahaul & Spiti",
			"Mandi": "Mandi",
			"Shimla": "Shimla",
			"Sirmaur": "Sirmaur",
			"Solan": "Solan",
			"Una": "Una"
		},
		"Jammu and Kashmir": {
			"Anantnag": "Anantnag",
			"Bandipora": "Bandipora",
			"Baramulla": "Baramulla",
			"Budgam": "Budgam",
			"Doda": "Doda",
			"Ganderbal": "Ganderbal",
			"Jammu": "Jammu",
			"Kargil": "Kargil",
			"Kathua": "Kathua",
			"Kishtwar": "Kishtwar",
			"Kulgam": "Kulgam",
			"Kupwara": "Kupwara",
			"Leh": "Leh",
			"Mirpur": "Mirpur",
			"Muzaffarabad": "Muzaffarabad",
			"Pulwama": "Pulwama",
			"Punch": "Punch",
			"Rajouri": "Rajouri",
			"Ramban": "Ramban",
			"Reasi": "Reasi",
			"Samba": "Samba",
			"Shopiyan": "Shopiyan",
			"Srinagar": "Srinagar",
			"Udhampur": "Udhampur"
		},
		"Jharkhand": {
			"Bokaro": "Bokaro",
			"Chatra": "Chatra",
			"Deoghar": "Deoghar",
			"Dhanbad": "Dhanbad",
			"Dumka": "Dumka",
			"East Singhbhum": "East Singhbhum",
			"Garhwa": "Garhwa",
			"Giridih": "Giridih",
			"Godda": "Godda",
			"Gumla": "Gumla",
			"Hazaribagh": "Hazaribagh",
			"Jamtara": "Jamtara",
			"Khunti": "Khunti",
			"Koderma": "Koderma",
			"Latehar": "Latehar",
			"Lohardaga": "Lohardaga",
			"Pakur": "Pakur",
			"Palamu": "Palamu",
			"Ramgarh": "Ramgarh",
			"Ranchi": "Ranchi",
			"Sahibganj": "Sahibganj",
			"Saraikela-Kharsawan": "Saraikela-Kharsawan",
			"Simdega": "Simdega",
			"West Singhbhum": "West Singhbhum"
		},
		"Karnataka": {
			"Bagalkote": "Bagalkote",
			"Ballari": "Ballari",
			"Belagavi": "Belagavi",
			"Bengaluru Rural": "Bengaluru Rural",
			"Bengaluru Urban": "Bengaluru Urban",
			"Bidar": "Bidar",
			"Chamarajanagara": "Chamarajanagara",
			"Chikkaballapura": "Chikkaballapura",
			"Chikkamagaluru": "Chikkamagaluru",
			"Chitradurga": "Chitradurga",
			"Dakshina Kannada": "Dakshina Kannada",
			"Davanagere": "Davanagere",
			"Dharwad": "Dharwad",
			"Gadag": "Gadag",
			"Hassan": "Hassan",
			"Haveri": "Haveri",
			"Kalaburagi": "Kalaburagi",
			"Kodagu": "Kodagu",
			"Kolar": "Kolar",
			"Koppal": "Koppal",
			"Mandya": "Mandya",
			"Mysuru": "Mysuru",
			"Other State": "Other State",
			"Raichur": "Raichur",
			"Ramanagara": "Ramanagara",
			"Shivamogga": "Shivamogga",
			"Tumakuru": "Tumakuru",
			"Udupi": "Udupi",
			"Uttara Kannada": "Uttara Kannada",
			"Vijayapura": "Vijayapura",
			"Yadgir": "Yadgir"
		},
		"Kerala": {
			"Alappuzha": "Alappuzha",
			"Ernakulam": "Ernakulam",
			"Idukki": "Idukki",
			"Kannur": "Kannur",
			"Kasaragod": "Kasaragod",
			"Kollam": "Kollam",
			"Kottayam": "Kottayam",
			"Kozhikode": "Kozhikode",
			"Malappuram": "Malappuram",
			"Other State": "Other State",
			"Palakkad": "Palakkad",
			"Pathanamthitta": "Pathanamthitta",
			"Thiruvananthapuram": "Thiruvananthapuram",
			"Thrissur": "Thrissur",
			"Wayanad": "Wayanad"
		},
		"Ladakh": {
			"Kargil": "Kargil",
			"Leh": "Leh"
		},
		"Lakshadweep": {
			"Agatti": "Agatti",
			"Amini": "Amini",
			"Androth": "Androth",
			"Bithra": "Bithra",
			"Chethlath": "Chethlath",
			"Kadmath": "Kadmath",
			"Kalpeni": "Kalpeni",
			"Kavaratti": "Kavaratti",
			"Kilthan": "Kilthan",
			"Lakshadweep": "Lakshadweep",
			"Minicoy": "Minicoy"
		},
		"Madhya Pradesh": {
			"Agar Malwa": "Agar Malwa",
			"Alirajpur": "Alirajpur",
			"Anuppur": "Anuppur",
			"Ashoknagar": "Ashoknagar",
			"Balaghat": "Balaghat",
			"Barwani": "Barwani",
			"Betul": "Betul",
			"Bhind": "Bhind",
			"Bhopal": "Bhopal",
			"Burhanpur": "Burhanpur",
			"Chhatarpur": "Chhatarpur",
			"Chhindwara": "Chhindwara",
			"Damoh": "Damoh",
			"Datia": "Datia",
			"Dewas": "Dewas",
			"Dhar": "Dhar",
			"Dindori": "Dindori",
			"Guna": "Guna",
			"Gwalior": "Gwalior",
			"Harda": "Harda",
			"Hoshangabad": "Hoshangabad",
			"Indore": "Indore",
			"Jabalpur": "Jabalpur",
			"Jhabua": "Jhabua",
			"Katni": "Katni",
			"Khandwa": "Khandwa",
			"Khargone": "Khargone",
			"Mandla": "Mandla",
			"Mandsaur": "Mandsaur",
			"Morena": "Morena",
			"Narsinghpur": "Narsinghpur",
			"Neemuch": "Neemuch",
			"Niwari": "Niwari",
			"Other Region": "Other Region",
			"Panna": "Panna",
			"Raisen": "Raisen",
			"Rajgarh": "Rajgarh",
			"Ratlam": "Ratlam",
			"Rewa": "Rewa",
			"Sagar": "Sagar",
			"Satna": "Satna",
			"Sehore": "Sehore",
			"Seoni": "Seoni",
			"Shahdol": "Shahdol",
			"Shajapur": "Shajapur",
			"Sheopur": "Sheopur",
			"Shivpuri": "Shivpuri",
			"Sidhi": "Sidhi",
			"Singrauli": "Singrauli",
			"Tikamgarh": "Tikamgarh",
			"Ujjain": "Ujjain",
			"Umaria": "Umaria",
			"Vidisha": "Vidisha"
		},
		"Maharashtra": {
			"Ahmednagar": "Ahmednagar",
			"Akola": "Akola",
			"Amravati": "Amravati",
			"Aurangabad": "Aurangabad",
			"Beed": "Beed",
			"Bhandara": "Bhandara",
			"Buldhana": "Buldhana",
			"Chandrapur": "Chandrapur",
			"Dhule": "Dhule",
			"Gadchiroli": "Gadchiroli",
			"Gondia": "Gondia",
			"Hingoli": "Hingoli",
			"Jalgaon": "Jalgaon",
			"Jalna": "Jalna",
			"Kolhapur": "Kolhapur",
			"Latur": "Latur",
			"Mumbai": "Mumbai",
			"Mumbai Suburban": "Mumbai Suburban",
			"Nagpur": "Nagpur",
			"Nanded": "Nanded",
			"Nandurbar": "Nandurbar",
			"Nashik": "Nashik",
			"Osmanabad": "Osmanabad",
			"Other State": "Other State",
			"Palghar": "Palghar",
			"Parbhani": "Parbhani",
			"Pune": "Pune",
			"Raigad": "Raigad",
			"Ratnagiri": "Ratnagiri",
			"Sangli": "Sangli",
			"Satara": "Satara",
			"Sindhudurg": "Sindhudurg",
			"Solapur": "SolapurSolapur",
			"Thane": "Thane",
			"Wardha": "Wardha",
			"Washim": "Washim",
			"Yavatmal": "Yavatmal"
		},
		"Manipur": {
			"Bishnupur": "Bishnupur",
			"CAPF Personnel": "CAPF Personnel",
			"Chandel": "Chandel",
			"Churachandpur": "Churachandpur",
			"Imphal East": "Imphal East",
			"Imphal West": "Imphal West",
			"Jiribam": "Jiribam",
			"Kakching": "Kakching",
			"Kamjong": "Kamjong",
			"Kangpokpi": "Kangpokpi",
			"Noney": "Noney",
			"Pherzawl": "Pherzawl",
			"Senapati": "Senapati",
			"Tamenglong": "Tamenglong",
			"Tengnoupal": "Tengnoupal",
			"Thoubal": "Thoubal",
			"Ukhrul": "Ukhrul",
			"Unknown": "Unknown"
		},
		"Meghalaya": {
			"East Garo Hills": "East Garo Hills",
			"East Jaintia Hills": "East Jaintia Hills",
			"East Khasi Hills": "East Khasi Hills",
			"North Garo Hills": "North Garo Hills",
			"Ribhoi": "Ribhoi",
			"South Garo Hills": "South Garo Hills",
			"South West Garo Hills": "South West Garo Hills",
			"South West Khasi Hills": "South West Khasi Hills",
			"West Garo Hills": "West Garo Hills",
			"West Jaintia Hills": "West Jaintia Hills",
			"West Khasi Hills": "West Khasi Hills"
		},
		"Mizoram": {
			"Aizawl": "Aizawl",
			"Champhai": "Champhai",
			"Hnahthial": "Hnahthial",
			"Khawzawl": "Khawzawl",
			"Kolasib": "Kolasib",
			"Lawngtlai": "Lawngtlai",
			"Lunglei": "Lunglei",
			"Mamit": "Mamit",
			"Saiha": "Saiha",
			"Saitual": "Saitual",
			"Serchhip": "Serchhip"
		},
		"Nagaland": {
			"Dimapur": "Dimapur",
			"Kiphire": "Kiphire",
			"Kohima": "Kohima",
			"Longleng": "Longleng",
			"Mokokchung": "Mokokchung",
			"Mon": "Mon",
			"Others": "Others",
			"Peren": "Peren",
			"Phek": "Phek",
			"Tuensang": "Tuensang",
			"Wokha": "Wokha",
			"Zunheboto": "Zunheboto"
		},
		"Odisha": {
			"Angul": "Angul",
			"Balangir": "Balangir",
			"Balasore": "Balasore",
			"Bargarh": "Bargarh",
			"Bhadrak": "Bhadrak",
			"Boudh": "Boudh",
			"Cuttack": "Cuttack",
			"Deogarh": "Deogarh",
			"Dhenkanal": "Dhenkanal",
			"Gajapati": "Gajapati",
			"Ganjam": "Ganjam",
			"Jagatsinghpur": "Jagatsinghpur",
			"Jajpur": "Jajpur",
			"Jharsuguda": "Jharsuguda",
			"Kalahandi": "Kalahandi",
			"Kandhamal": "Kandhamal",
			"Kendrapara": "Kendrapara",
			"Kendujhar": "Kendujhar",
			"Khordha": "Khordha",
			"Koraput": "Koraput",
			"Malkangiri": "Malkangiri",
			"Mayurbhanj": "Mayurbhanj",
			"Nabarangapur": "Nabarangapur",
			"Nayagarh": "Nayagarh",
			"Nuapada": "Nuapada",
			"Others": "Others",
			"Puri": "Puri",
			"Rayagada": "Rayagada",
			"Sambalpur": "Sambalpur",
			"Sonepur": "Sonepur",
			"State Pool": "State Pool",
			"Subarnapur": "Subarnapur",
			"Sundargarh": "Sundargarh"
		},
		"Puducherry": {
			"Karaikal": "Karaikal",
			"Mahe": "Mahe",
			"Puducherry": "Puducherry",
			"Yanam": "Yanam"
		},
		"Punjab": {
			"Amritsar": "Amritsar",
			"Barnala": "Barnala",
			"Bathinda": "Bathinda",
			"Faridkot": "Faridkot",
			"Fatehgarh Sahib": "Fatehgarh Sahib",
			"Fazilka": "Fazilka",
			"Ferozepur": "Ferozepur",
			"Gurdaspur": "Gurdaspur",
			"Hoshiarpur": "Hoshiarpur",
			"Jalandhar": "Jalandhar",
			"Kapurthala": "Kapurthala",
			"Ludhiana": "Ludhiana",
			"Mansa": "Mansa",
			"Moga": "Moga",
			"Muktsar": "Muktsar",
			"Nawanshahr": "Nawanshahr",
			"Pathankot": "Pathankot",
			"Patiala": "Patiala",
			"Rupnagar": "\"Rupnagar\"",
			"S.A.S. Nagar": "S.A.S. Nagar",
			"Sangrur": "Sangrur",
			"Shahid Bhagat Singh Nagar": "Shahid Bhagat Singh Nagar",
			"Sri Muktsar Sahib": "Sri Muktsar Sahib",
			"Tarn Taran": "Tarn Taran"
		},
		"Rajasthan": {
			"Ajmer": "Ajmer",
			"Alwar": "Alwar",
			"BSF Camp": "BSF Camp",
			"Banswara": "Banswara",
			"Baran": "Baran",
			"Barmer": "Barmer",
			"Bharatpur": "Bharatpur",
			"Bhilwara": "Bhilwara",
			"Bikaner": "Bikaner",
			"Bundi": "Bundi",
			"Chittorgarh": "Chittorgarh",
			"Churu": "Churu",
			"Dausa": "Dausa",
			"Dholpur": "Dholpur",
			"Dungarpur": "Dungarpur",
			"Evacuees": "Evacuees",
			"Ganganagar": "Ganganagar",
			"Hanumangarh": "Hanumangarh",
			"Italians": "Italians",
			"Jaipur": "Jaipur",
			"Jaisalmer": "Jaisalmer",
			"Jalore": "Jalore",
			"Jhalawar": "Jhalawar",
			"Jhunjhunu": "Jhunjhunu",
			"Jodhpur": "Jodhpur",
			"Karauli": "Karauli",
			"Kota": "Kota",
			"Nagaur": "Nagaur",
			"Other State": "Other State",
			"Pali": "Pali",
			"Pratapgarh": "Pratapgarh",
			"Rajsamand": "Rajsamand",
			"Sawai Madhopur": "Sawai Madhopur",
			"Sikar": "Sikar",
			"Sirohi": "Sirohi",
			"Sri Ganganagar": "Sri Ganganagar",
			"Tonk": "Tonk",
			"Udaipur": "Udaipur"
		},
		"Sikkim": {
			"East Sikkim": "East Sikkim",
			"North Sikkim": "North Sikkim",
			"South Sikkim": "South Sikkim",
			"Unknown": "Unknown",
			"West Sikkim": "West Sikkim"
		},
		"Tamil Nadu": {
			"Airport Quarantine": "Airport Quarantine",
			"Ariyalur": "Ariyalur",
			"Chengalpattu": "Chengalpattu",
			"Chennai": "Chennai",
			"Coimbatore": "Coimbatore",
			"Cuddalore": "Cuddalore",
			"Dharmapuri": "Dharmapuri",
			"Dindigul": "Dindigul",
			"Erode": "Erode",
			"Kallakurichi": "Kallakurichi",
			"Kancheepuram": "Kancheepuram",
			"Kanyakumari": "Kanyakumari",
			"Karur": "Karur",
			"Krishnagiri": "Krishnagiri",
			"Madurai": "Madurai",
			"Nagapattinam": "Nagapattinam",
			"Namakkal": "Namakkal",
			"Nilgiris": "Nilgiris",
			"Other State": "Other State",
			"Perambalur": "Perambalur",
			"Pudukkottai": "Pudukkottai",
			"Railway Quarantine": "Railway Quarantine",
			"Ramanathapuram": "Ramanathapuram",
			"Ranipet": "Ranipet",
			"Salem": "Salem",
			"Sivaganga": "Sivaganga",
			"Tenkasi": "Tenkasi",
			"Thanjavur": "Thanjavur",
			"Theni": "Theni",
			"Thiruvallur": "Thiruvallur",
			"Thiruvarur": "Thiruvarur",
			"Thoothukkudi": "Thoothukudi",
			"Tiruchirappalli": "Tiruchirappalli",
			"Tirunelveli": "Tirunelveli",
			"Tirupathur": "Tirupathur",
			"Tiruppur": "Tiruppur",
			"Tiruvallur": "Tiruvallur",
			"Tiruvannamalai": "Tiruvannamalai",
			"Tiruvarur": "Tiruvarur",
			"Vellore": "Vellore",
			"Viluppuram": "Viluppuram",
			"Virudhunagar": "Virudhunagar"
		},
		"Telangana": {
			"Adilabad": "Adilabad",
			"Bhadradri Kothagudem": "Bhadradri Kothagudem",
			"Foreign Evacuees": "Foreign Evacuees",
			"Hyderabad": "Hyderabad",
			"Jagtial": "Jagtial",
			"Jangaon": "Jangaon",
			"Jayashankar Bhoopalpally": "Jayashankar Bhoopalpally",
			"Jayashankar Bhupalapally": "Jayashankar Bhupalapally",
			"Jogulamba Gadwal": "Jogulamba Gadwal",
			"Kamareddy": "Kamareddy",
			"Karimnagar": "Karimnagar",
			"Khammam": "Khammam",
			"Komaram Bheem": "Komaram Bheem",
			"Mahabubabad": "Mahabubabad",
			"Mahabubnagar": "Mahabubnagar",
			"Mancherial": "Mancherial",
			"Medak": "Medak",
			"Medchal Malkajgiri": "Medchal Malkajgiri",
			"Mulugu": "Mulugu",
			"Nagarkurnool": "Nagarkurnool",
			"Nalgonda": "Nalgonda",
			"Narayanpet": "Narayanpet",
			"Nirmal": "Nirmal",
			"Nizamabad": "Nizamabad",
			"Other State": "Other State",
			"Peddapalli": "Peddapalli",
			"Rajanna Sircilla": "Rajanna Sircilla",
			"Ranga Reddy": "Ranga Reddy",
			"Sangareddy": "Sangareddy",
			"Siddipet": "Siddipet",
			"Suryapet": "Suryapet",
			"Unknown": "Unknown",
			"Vikarabad": "Vikarabad",
			"Wanaparthy": "Wanaparthy",
			"Warangal Rural": "Warangal Rural",
			"Warangal Urban": "Warangal Urban",
			"Yadadri Bhuvanagiri": "Yadadri Bhuvanagiri"
		},
		"Tripura": {
			"Dhalai": "Dhalai",
			"Gomati": "Gomati",
			"Khowai": "Khowai",
			"North Tripura": "North Tripura",
			"Sipahijala": "Sipahijala",
			"South Tripura": "South Tripura",
			"Unokoti": "Unokoti",
			"West Tripura": "West Tripura"
		},
		"Uttar Pradesh": {
			"Agra": "Agra",
			"Aligarh": "Aligarh",
			"Allahabad": "Allahabad",
			"Ambedkar Nagar": "Ambedkar Nagar",
			"Amethi": "Amethi",
			"Amroha": "Amroha",
			"Auraiya": "Auraiya",
			"Ayodhya": "Ayodhya",
			"Azamgarh": "Azamgarh",
			"Baghpat": "Baghpat",
			"Bahraich": "Bahraich",
			"Ballia": "Ballia",
			"Balrampur": "Balrampur",
			"Banda": "Banda",
			"Barabanki": "Barabanki",
			"Bareilly": "Bareilly",
			"Basti": "Basti",
			"Bhadohi": "Bhadohi",
			"Bijnor": "Bijnor",
			"Budaun": "Budaun",
			"Bulandshahr": "Bulandshahr",
			"Chandauli": "Chandauli",
			"Chitrakoot": "Chitrakoot",
			"Deoria": "Deoria",
			"Etah": "Etah",
			"Etawah": "Etawah",
			"Faizabad": "Faizabad",
			"Farrukhabad": "Farrukhabad",
			"Fatehpur": "Fatehpur",
			"Firozabad": "Firozabad",
			"Gautam Buddha Nagar": "Gautam Buddha Nagar",
			"Ghaziabad": "Ghaziabad",
			"Ghazipur": "Ghazipur",
			"Gonda": "Gonda",
			"Gorakhpur": "Gorakhpur",
			"Hamirpur": "Hamirpur",
			"Hapur": "Hapur",
			"Hardoi": "Hardoi",
			"Hathras": "Hathras",
			"Jalaun": "Jalaun",
			"Jaunpur": "Jaunpur",
			"Jhansi": "Jhansi",
			"Kannauj": "Kannauj",
			"Kanpur Dehat": "Kanpur Dehat",
			"Kanpur Nagar": "Kanpur Nagar",
			"Kanshiram Nagar": "",
			"Kasganj": "Kasganj",
			"Kaushambi": "Kaushambi",
			"Kushinagar": "Kushinagar",
			"Lakhimpur Kheri": "Lakhimpur Kheri",
			"Lalitpur": "Lalitpur",
			"Lucknow": "Lucknow",
			"Maharajganj": "Maharajganj",
			"Mahoba": "Mahoba",
			"Mainpuri": "Mainpuri",
			"Mathura": "Mathura",
			"Mau": "Mau",
			"Meerut": "Meerut",
			"Mirzapur": "Mirzapur",
			"Moradabad": "Moradabad",
			"Muzaffarnagar": "Muzaffarnagar",
			"Pilibhit": "Pilibhit",
			"Pratapgarh": "Pratapgarh",
			"Prayagraj": "Prayagraj",
			"Rae Bareli": "Rae Bareli",
			"Rampur": "Rampur",
			"Saharanpur": "Saharanpur",
			"Sambhal": "Sambhal",
			"Sant Kabir Nagar": "Sant Kabir Nagar",
			"Shahjahanpur": "Shahjahanpur",
			"Shamli": "Shamli",
			"Shrawasti": "Shrawasti",
			"Siddharthnagar": "Siddharthnagar",
			"Sitapur": "Sitapur",
			"Sonbhadra": "Sonbhadra",
			"Sultanpur": "Sultanpur",
			"Unnao": "Unnao",
			"Varanasi": "Varanasi"
		},
		"Uttarakhand": {
			"Almora": "Almora",
			"Bageshwar": "Bageshwar",
			"Chamoli": "Chamoli",
			"Champawat": "Champawat",
			"Dehradun": "Dehradun",
			"Haridwar": "Haridwar",
			"Nainital": "Nainital",
			"Pauri Garhwal": "Pauri Garhwal",
			"Pithoragarh": "Pithoragarh",
			"Rudraprayag": "Rudraprayag",
			"Tehri Garhwal": "Tehri Garhwal",
			"Udham Singh Nagar": "Udham Singh Nagar",
			"Uttarkashi": "Uttarkashi"
		},
		"West Bengal": {
			"Alipurduar": "Alipurduar",
			"Bankura": "Bankura",
			"Birbhum": "Birbhum",
			"Burdwan": "Burdwan",
			"Cooch Behar": "Cooch Behar",
			"Dakshin Dinajpur": "Dakshin Dinajpur",
			"Darjeeling": "Darjeeling",
			"Hooghly": "Hooghly",
			"Howrah": "Howrah",
			"Jalpaiguri": "Jalpaiguri",
			"Jhargram": "Jhargram",
			"Kalimpong": "Kalimpong",
			"Kolkata": "Kolkata",
			"Malda": "Malda",
			"Murshidabad": "Murshidabad",
			"Nadia": "Nadia",
			"North 24 Parganas": "North 24 Parganas",
			"Other State": "Other State",
			"Paschim Bardhaman": "Paschim Bardhaman",
			"Paschim Medinipur": "Paschim Medinipur",
			"Purba Bardhaman": "Purba Bardhaman",
			"Purba Medinipur": "Purba Medinipur",
			"Purulia": "Purulia",
			"South 24 Parganas": "South 24 Parganas",
			"Uttar Dinajpur": "Uttar Dinajpur"
		}
	},
	"tableColumn": {
		"Andaman and Nicobar Islands": "Andaman and Nicobar Islands",
		"Andhra Pradesh": "Andhra Pradesh",
		"Arunachal Pradesh": "Arunachal Pradesh",
		"Assam": "Assam",
		"Bihar": "Bihar",
		"Chandigarh": "Chandigarh",
		"Chhattisgarh": "Chhattisgarh",
		"Dadra and Nagar Haveli and Daman and Diu": "Daman",
		"Delhi": "Delhi",
		"Goa": "Goa",
		"Gujarat": "Gujarat",
		"Haryana": "Haryana",
		"Himachal Pradesh": "Himachal Pradesh",
		"Jammu and Kashmir": "Jammu and Kashmir",
		"Jharkhand": "Jharkhand",
		"Karnataka": "Karnataka",
		"Kerala": "Kerala",
		"Ladakh": "Ladakh",
		"Lakshadweep": "Lakshadweep",
		"Madhya Pradesh": "Madhya Pradesh",
		"Maharashtra": "Maharashtra",
		"Manipur": "Manipur",
		"Meghalaya": "Meghalaya",
		"Mizoram": "Mizoram",
		"Nagaland": "Nagaland",
		"Odisha": "Odisha",
		"Puducherry": "Puducherry",
		"Punjab": "Punjab",
		"Rajasthan": "Rajasthan",
		"Sikkim": "Sikkim",
		"Tamil Nadu": "Tamil Nadu",
		"Telangana": "Telangana",
		"Tripura": "Tripura",
		"Uttar Pradesh": "Uttar Pradesh",
		"Uttarakhand": "Uttarakhand",
		"West Bengal": "West Bengal"
	},
	"tableHeader": {
		"active": "Active",
		"confirmed": "Confirmed",
		"deceased": "Deceased",
		"district": "District",
		"recovered": "Recovered",
		"state": "State"
	}
}
