{
	"aboutCovid": {
		"card1": {
			"header": "कोरोनावायरस के बारे में क्या जानना है",
			"para1": "कोरोनावायरस आमतौर पर पक्षियों के श्वसन तंत्र को प्रभावित करते हैं और\n            मनुष्यों सहित स्तनधारी। डॉक्टर उन्हें आम से जोड़ते हैं\n            सर्दी, ब्रोंकाइटिस, निमोनिया, गंभीर तीव्र श्वसन सिंड्रोम\n            (SARS), और कोरोनावायरस रोग 2019 (COVID-19)। ये वायरस कर सकते हैं\n            आंत को भी प्रभावित करता है।",
			"para2": "कोरोनावायरस आमतौर पर सामान्य सर्दी का कारण बनते हैं, हालांकि वे हो सकते हैं\n            अधिक गंभीर बीमारियों के लिए जिम्मेदार। पिछले 80 वर्षों में,\n            वैज्ञानिकों ने पाया है कि ये वायरस चूहों, चूहों को संक्रमित कर सकते हैं।\n            कुत्ते, बिल्ली, टर्की, घोड़े, सूअर और मवेशी। कभी-कभी, ये\n            जानवर इंसानों में वायरस पहुंचाते हैं।"
		},
		"card2": {
			"header": "एक COVID-19 क्या है?",
			"para1": "2019 में, रोग नियंत्रण और रोकथाम केंद्र (सीडीसी) ने एक नए कोरोनावायरस, SARS-CoV-2 के प्रकोप की निगरानी शुरू की, जो COVID-19 का कारण बनता है। अधिकारियों ने सबसे पहले चीन के वुहान में वायरस की पहचान की। तब से, यह वायरस लगभग हर देश में फैल गया है।",
			"para2": "COVID-19 वाले पहले लोगों का संबंध एक पशु और समुद्री भोजन बाजार से था। इससे पता चलता है कि जानवरों ने शुरू में वायरस को इंसानों तक पहुंचाया। फिर, जिन लोगों का बाजार से कोई संबंध नहीं था, उन्होंने इस बीमारी को विकसित किया, यह पुष्टि करते हुए कि मनुष्य एक दूसरे को वायरस पारित कर सकते हैं।"
		},
		"card3": {
			"header": "COVID-19 के लक्षण",
			"list": {
				"point1": "बुखार, ठंड लगना, खांसी",
				"point2": "सांस की तकलीफ या सांस लेने में कठिनाई",
				"point3": "गले में खराश",
				"point4": "भीड़ या बहती नाक",
				"point5": "थकान, सिरदर्द, मांसपेशियों में दर्द",
				"point6": "स्वाद या गंध का नया नुकसान मतली या उल्टी, दस्त।"
			},
			"para1": "सीडीसी के अनुसार, लोगों को वायरस के संपर्क में आने के 2-14 दिनों बाद लक्षणों का अनुभव होना शुरू हो सकता है। लक्षणों में शामिल हो सकते हैं:"
		},
		"card4": {
			"header": "कोरोनावायरस संक्रमण के सामान्य लक्षण",
			"list": {
				"point1": "एक बहती नाक",
				"point2": "सरदर्द",
				"point3": "एक बुखार",
				"point4": "खांसी",
				"point5": "गले में खराश",
				"point6": "आम तौर पर अस्वस्थ महसूस करना"
			},
			"para1": "सर्दी या फ्लू जैसे लक्षण आमतौर पर संक्रमण विकसित होने के लगभग 2-4 दिनों के बाद दिखाई देते हैं। लक्षणों में शामिल हो सकते हैं:"
		},
		"card5": {
			"header": "कोरोना वायरस के प्रकार",
			"list": {
				"point1": "229E (अल्फा कोरोनावायरस)",
				"point2": "NL63 (अल्फा कोरोनावायरस)",
				"point3": "OC43 (बीटा कोरोनावायरस)",
				"point4": "HKU1 (बीटा कोरोनावायरस)"
			},
			"para1": "विभिन्न प्रकार के कोरोनावायरस अलग-अलग होते हैं, बीमारी की गंभीरता के संदर्भ में जो वे पैदा करते हैं और कितनी दूर तक फैलते हैं।\nअधिक गंभीर बीमारियों का कारण बनने वाले दुर्लभ उपभेदों में MERS-CoV, जो MERS रोग का कारण बनता है, और SARS-CoV, SARS के लिए जिम्मेदार वायरस शामिल हैं।"
		},
		"card6": {
			"header": "हस्तांतरण",
			"list": {
				"point1": "अपने मुंह को ढँके बिना खाँसना या छींकना, हवा में बूंदों को फैलाना",
				"point2": "किसी ऐसे व्यक्ति को छूता है जिसे संक्रमण है",
				"point3": "किसी सतह को छूता है जिसमें वायरस होता है, फिर अपनी नाक, आंख या मुंह को छूता है"
			},
			"para1": "शोधकर्ताओं का मानना है कि वायरस श्वसन प्रणाली में तरल पदार्थ जैसे बलगम के माध्यम से संचारित होते हैं। उदाहरण के लिए, एक कोरोनावायरस तब फैल सकता है जब कोई व्यक्ति:"
		}
	},
	"active": "सक्रिय",
	"confirmed": "की पुष्टि",
	"country": "भारत",
	"deceased": "मृतक",
	"errorMessage": "कुछ गलत हो गया है। कृपया बाद में दोबारा प्रयास करें",
	"graph": {
		"activeCase": "सक्रिय मामला",
		"confirmedCase": "पुष्ट मामला",
		"deceasedCase": "मृत मामला",
		"graphHeading": "COVID-19 मामले",
		"last15Days": "पिछले 15 दिन",
		"recoveredCase": "बरामद मामला",
		"selectAttribute": "एक विशेषता चुनें",
		"selectDistrict": "जिले का चयन करें",
		"selectState": "राज्य चुनें"
	},
	"menu": {
		"aboutCovid": "कोविड-19 के बारे में",
		"home": "मुख्य पृष्ठ"
	},
	"recovered": "बरामद",
	"state": "राज्य",
	"stateColumn": {
		"Andaman and Nicobar Islands": {
			"Nicobars": "निकोबार",
			"North and Middle Andaman": "उत्तर और मध्य अंडमान",
			"South Andaman": "दक्षिण अंडमान",
			"Unknown": "अनजान"
		},
		"Andhra Pradesh": {
			"Anantapur": "अनंतपुर",
			"Chittoor": "चित्तूर",
			"East Godavari": "पूर्वी गोदावरी",
			"Foreign Evacuees": "विदेशी निकासी",
			"Guntur": "गुंटूर",
			"Krishna": "कृष्णा",
			"Kurnool": "कुरनूल",
			"Other State": "अन्य राज्य",
			"Prakasam": "प्रकाशम",
			"S.P.S. Nellore": "नेल्लोर",
			"Srikakulam": "श्रीकाकुलम",
			"Visakhapatnam": "विशाखापत्तनम",
			"Vizianagaram": "विजयनगरम",
			"West Godavari": "पश्चिम गोदावरी",
			"Y.S.R. Kadapa": "वाईएसआर कडप्पा"
		},
		"Arunachal Pradesh": {
			"Anjaw": "अंजाव",
			"Changlang": "चांगलांग",
			"Dibang Valley": "दिबांग घाटी",
			"East Kameng": "पूर्वी कामेंग",
			"East Siang": "पूर्वी सियांग",
			"Kamle": "कमले",
			"Kra Daadi": "क्रा दादि",
			"Kurung Kumey": "कुरुंग कुमेयू",
			"Lepa Rada": "लेपा राडा",
			"Lohit": "लोहित",
			"Longding": "लॉन्गडिंग",
			"Lower Dibang Valley": "निचली दिबांग घाटी",
			"Lower Siang": "निचला सियांग",
			"Lower Subansiri": "निचला सुबनसिरी",
			"Namsai": "नामसाई",
			"Pakke Kessang": "पक्के केसांग",
			"Papum Pare": "पापुम पारे",
			"Shi Yomi": "शी योमी",
			"Siang": "सियांग",
			"Tawang": "तवांग।",
			"Tirap": "तिरप",
			"Upper Dibang Valley": "ऊपरी दिबांग घाटी",
			"Upper Siang": "अपर सियांग",
			"Upper Subansiri": "अपर सुबनसिरी",
			"West Kameng": "वेस्ट कामेंग",
			"West Siang": "पश्चिम सियांग"
		},
		"Assam": {
			"Airport Quarantine": "एयरपोर्ट क्वारंटाइन",
			"Baksa": "बक्सा",
			"Barpeta": "बारपेटा",
			"Biswanath": "बिश्वनाथ",
			"Bongaigaon": "बोंगईगांव",
			"Cachar": "कछार",
			"Charaideo": "चराइदेव",
			"Chirang": "चिरांग",
			"Darrang": "दरांग",
			"Dhemaji": "धेमाजी",
			"Dhubri": "धुबरी",
			"Dibrugarh": "डिब्रूगढ़",
			"Dima Hasao": "दीमा हसाओ",
			"Goalpara": "गोलपाड़ा",
			"Golaghat": "गोलाघाट",
			"Hailakandi": "हैलाकांडी",
			"Hojai": "होजै",
			"Jorhat": "जोरहाट",
			"Kamrup": "कामरूप",
			"Kamrup Metropolitan": "कामरूप मेट्रोपॉलिटन",
			"Karbi Anglong": "कार्बी आंगलोंग",
			"Karimganj": "करीमगंज",
			"Kokrajhar": "कोकराझारी",
			"Lakhimpur": "लखीमपुर",
			"Majuli": "माजुलिक",
			"Morigaon": "मोरीगांव",
			"Nagaon": "नगांव",
			"Nalbari": "नलबाड़ी",
			"Other State": "अन्य राज्य",
			"Sivasagar": "शिवसागरी",
			"Sonitpur": "सोनितपुर",
			"South Salmara Mankachar": "दक्षिण सलमारा मनकाचारी",
			"Tinsukia": "तिनसुकिया",
			"Udalguri": "उदलगुड़ी",
			"Unknown": "अनजान",
			"West Karbi Anglong": "पश्चिम कार्बी आंगलोंग"
		},
		"Bihar": {
			"Araria": "अररिया",
			"Arwal": "अरवाली",
			"Aurangabad": "औरंगाबाद",
			"Banka": "बांका",
			"Begusarai": "बेगूसराय",
			"Bhagalpur": "भागलपुर",
			"Bhojpur": "भोजपुर",
			"Buxar": "बक्सर",
			"Darbhanga": "दरभंगा",
			"East Champaran": "पूर्वी चंपारण",
			"Gaya": "गया",
			"Gopalganj": "गोपालगंज",
			"Jamui": "जमुई",
			"Jehanabad": "जहानाबाद",
			"Kaimur": "कैमुरो",
			"Katihar": "कटिहार",
			"Khagaria": "खगरिया",
			"Kishanganj": "किशनगंज",
			"Lakhisarai": "लखीसराय",
			"Madhepura": "मधेपुरा",
			"Madhubani": "मधुबनी",
			"Munger": "मुंगेर",
			"Muzaffarpur": "मुजफ्फरपुर",
			"Nalanda": "नालंदा",
			"Nawada": "नवादा",
			"Patna": "पटना",
			"Purnia": "पूर्णिया",
			"Rohtas": "रोहतास",
			"Saharsa": "सहरसा",
			"Samastipur": "समस्तीपुर",
			"Saran": "सरनी",
			"Sheikhpura": "शेखपुरा",
			"Sheohar": "शिवहर",
			"Sitamarhi": "सीतामढ़ी",
			"Siwan": "सिवान",
			"Supaul": "सुपौल",
			"Vaishali": "वैशाली",
			"West Champaran": "पश्चिम चंपारण"
		},
		"Chandigarh": {
			"Chandigarh": "चंडीगढ़"
		},
		"Chhattisgarh": {
			"Balod": "बालोद",
			"Baloda Bazar": "बलौदा बाजार",
			"Balrampur": "बलरामपुर",
			"Bametara": "बमेतरा",
			"Bastar": "बस्तर",
			"Bijapur": "बीजापुर",
			"Bilaspur": "बिलासपुर",
			"Dakshin Bastar Dantewada": "दक्षिण बस्तर दंतेवाड़ा",
			"Dhamtari": "धमतरी",
			"Durg": "दुर्गा",
			"Gariaband": "गरियाबंद",
			"Gaurela Pendra Marwahi": "गौरेला पेंड्रा मरवाही",
			"Janjgir Champa": "जांजगीर चंपा",
			"Jashpur": "जशपुर",
			"Kabeerdham": "कबीरधाम",
			"Kanker (North Bastar)": "कांकेर (उत्तर बस्तर)",
			"Kondagaon": "कोंडागांव",
			"Korba": "कोरबा",
			"Koriya": "कोरिया",
			"Mahasamund": "महासमुंद",
			"Mungeli": "मुंगेलीक",
			"Narayanpur": "नारायणपुर",
			"Other State": "अन्य राज्य",
			"Raigarh": "रायगढ़",
			"Raipur": "रायपुर",
			"Rajnandgaon": "राजनंदगांव",
			"Sukma": "सुकमा",
			"Surajpur": "Surajpur",
			"Surguja": "सरगुजा",
			"Uttar Bastar Kanker": "उत्तर बस्तर कांकेर"
		},
		"Dadra and Nagar Haveli and Daman and Diu": {
			"Dadra and Nagar Haveli": "दादरा और नगर हवेली",
			"Daman": "दमन",
			"Diu": "दीव",
			"Other State": "अन्य राज्य"
		},
		"Delhi": {
			"Central Delhi": "मध्य दिल्ली",
			"East Delhi": "पूर्वी दिल्ली",
			"New Delhi": "नई दिल्ली",
			"North Delhi": "उत्तरी दिल्ली",
			"North East Delhi": "उत्तर पूर्वी दिल्ली",
			"North West Delhi": "उत्तर पश्चिम दिल्ली",
			"Shahdara": "शाहदरा",
			"South Delhi": "दक्षिण दिल्ली",
			"South East Delhi": "दक्षिण पूर्व दिल्ली",
			"South West Delhi": "दक्षिण पश्चिम दिल्ली",
			"Unknown": "अनजान",
			"West Delhi": "पश्चिमी दिल्ली"
		},
		"Goa": {
			"North Goa": "उत्तरी गोवा",
			"Other State": "अन्य राज्य",
			"South Goa": "दक्षिण गोवा",
			"Unknown": "अनजान"
		},
		"Gujarat": {
			"Ahmedabad": "अहमदाबाद",
			"Amreli": "अमरेली",
			"Anand": "आनंद",
			"Aravalli": "अरावली",
			"Banaskantha": "बनासकांठा",
			"Bharuch": "भरूच",
			"Bhavnagar": "भावनगर",
			"Botad": "बोटाड",
			"Chhota Udaipur": "छोटा उदयपुर",
			"Dahod": "दाहोद",
			"Dang": "डैंग",
			"Devbhumi Dwarka": "देवभूमि द्वारका",
			"Gandhinagar": "गांधीनगर",
			"Gir Somnath": "गिर सोमनाथ",
			"Jamnagar": "जामनगर",
			"Junagadh": "जूनागढ़",
			"Kachchh": "कच्छ",
			"Kheda": "खेड़ा",
			"Kutch": "कच्छ",
			"Mahisagar": "Mahisagar",
			"Mehsana": "मेहसाणा",
			"Morbi": "मोरबी",
			"Narmada": "नर्मदा",
			"Navsari": "नवसारी",
			"Other State": "अन्य राज्य",
			"Panchmahal": "पंचमहली",
			"Patan": "पाटन",
			"Porbandar": "पोरबंदर",
			"Rajkot": "राजकोट",
			"Sabarkantha": "साबरकांठा",
			"Surat": "सूरत",
			"Surendranagar": "सुरेंद्रनगर",
			"Tapi": "तापी",
			"Vadodara": "वडोदरा",
			"Valsad": "वलसाडी"
		},
		"Haryana": {
			"Ambala": "अंबाला",
			"Bhiwani": "भिवानी",
			"Charkhi Dadri": "चरखी दादरी",
			"Faridabad": "फरीदाबाद",
			"Fatehabad": "फतेहाबाद",
			"Foreign Evacuees": "विदेशी निकासी",
			"Gurgaon": "गुडगाँव",
			"Gurugram": "गुरुग्राम",
			"Hisar": "हिसार",
			"Italians": "इटली",
			"Jhajjar": "झज्जर",
			"Jind": "जींद",
			"Kaithal": "कैथल",
			"Karnal": "करनाल",
			"Kurukshetra": "कुरुक्षेत्र",
			"Mahendragarh": "महेंद्रगढ़",
			"Mewat": "मेवात",
			"Nuh": "नूह",
			"Palwal": "पलवल",
			"Panchkula": "पंचकुला",
			"Panipat": "पानीपत",
			"Rewari": "रेवाड़ी",
			"Rohtak": "रोहतक",
			"Sirsa": "सिरसा",
			"Sonipat": "सोनीपत",
			"Yamunanagar": "यमुनानगर"
		},
		"Himachal Pradesh": {
			"Bilaspur": "बिलासपुर",
			"Chamba": "चंबा",
			"Hamirpur": "हमीरपुर",
			"Kangra": "कांगड़ा",
			"Kinnaur": "किन्नौर",
			"Kullu": "कुल्लू",
			"Lahaul and Spiti": "लाहौल और स्पीति",
			"Mandi": "मंडी",
			"Shimla": "शिमला",
			"Sirmaur": "सिरमौर",
			"Solan": "एक प्रकार का हंस",
			"Una": "ऊना"
		},
		"Jammu and Kashmir": {
			"Anantnag": "अनंतनाग",
			"Bandipora": "बांदीपुरा",
			"Baramulla": "बारामूला",
			"Budgam": "बडगाम",
			"Doda": "डोडा",
			"Ganderbal": "गांदरबली",
			"Jammu": "जम्मू",
			"Kargil": "कारगिल",
			"Kathua": "कठुआ",
			"Kishtwar": "किश्तवाड़",
			"Kulgam": "कुलगाम",
			"Kupwara": "कुपवाड़ा",
			"Leh": "लेह",
			"Mirpur": "मीरपुर",
			"Muzaffarabad": "मुजफ्फराबाद",
			"Pulwama": "पुलवामा",
			"Punch": "पंच",
			"Rajouri": "राजौरी",
			"Ramban": "रामबन",
			"Reasi": "रियासी",
			"Samba": "सांबा",
			"Shopiyan": "शोपियां",
			"Srinagar": "श्रीनगर",
			"Udhampur": "उधमपुर"
		},
		"Jharkhand": {
			"Bokaro": "बोकारो",
			"Chatra": "छत्र",
			"Deoghar": "देवघर",
			"Dhanbad": "धनबाद",
			"Dumka": "दुमका",
			"East Singhbhum": "पूर्वी सिंहभूमि",
			"Garhwa": "गढ़वा",
			"Giridih": "गिरिडीह",
			"Godda": "गोड्डा",
			"Gumla": "गुमला",
			"Hazaribagh": "हजारीबाग",
			"Jamtara": "जामताड़ा",
			"Khunti": "खुंटी",
			"Koderma": "कोडरमा",
			"Latehar": "लातेहारे",
			"Lohardaga": "लोहरदगा",
			"Pakur": "पाकुर",
			"Palamu": "पलामू",
			"Ramgarh": "रामगढ़",
			"Ranchi": "रांची",
			"Sahibganj": "साहिबगंज",
			"Saraikela-Kharsawan": "सरायकेला-खरसावां",
			"Simdega": "सिमडेगा",
			"West Singhbhum": "पश्चिमी सिंहभूमि"
		},
		"Karnataka": {
			"Bagalkote": "बागलकोट",
			"Ballari": "बल्लारी",
			"Belagavi": "बेलगावी",
			"Bengaluru Rural": "बेंगलुरु ग्रामीण",
			"Bengaluru Urban": "बेंगलुरु अर्बन",
			"Bidar": "बीदरी",
			"Chamarajanagara": "चामराजनगर",
			"Chikkaballapura": "चिक्कबल्लपुर",
			"Chikkamagaluru": "चिक्कामगलुरु",
			"Chitradurga": "चित्रदुर्ग",
			"Dakshina Kannada": "दक्षिण कन्नड़",
			"Davanagere": "दावनगेरे",
			"Dharwad": "धारवाड़",
			"Gadag": "गदग",
			"Hassan": "हसन",
			"Haveri": "हावेरी",
			"Kalaburagi": "कलबुर्गी",
			"Kodagu": "कोडागू",
			"Kolar": "कोलार",
			"Koppal": "कोप्पल",
			"Mandya": "मंड्या",
			"Mysuru": "मैसूर",
			"Other State": "अन्य राज्य",
			"Raichur": "रायचुर",
			"Ramanagara": "रामनगर:",
			"Shivamogga": "शिवमोगा",
			"Tumakuru": "तुमकुरु",
			"Udupi": "उडुपी",
			"Uttara Kannada": "उत्तर कन्नड़",
			"Vijayapura": "विजयपुरा",
			"Yadgir": "यादगिरो"
		},
		"Kerala": {
			"Alappuzha": "अलपुझा",
			"Ernakulam": "एर्नाकुलम",
			"Idukki": "इडुक्की",
			"Kannur": "कन्नूरी",
			"Kasaragod": "कासरगोड",
			"Kollam": "कोल्लम",
			"Kottayam": "कोट्टायम",
			"Kozhikode": "कोझिकोड",
			"Malappuram": "मलप्पुरम",
			"Other State": "अन्य राज्य",
			"Palakkad": "पलक्कड़",
			"Pathanamthitta": "पथानामथिट्टा",
			"Thiruvananthapuram": "तिरुवनंतपुरम",
			"Thrissur": "त्रिशूर",
			"Wayanad": "वायनाड"
		},
		"Ladakh": {
			"Kargil": "कारगिल",
			"Leh": "लेह"
		},
		"Lakshadweep": {
			"Agatti": "अगाती",
			"Amini": "अमीनी",
			"Androth": "एंड्रोथ",
			"Bithra": "बिथरा",
			"Chethlath": "चेथलथ",
			"Kadmath": "कदमथी",
			"Kalpeni": "कलपेनी",
			"Kavaratti": "कवरत्ती",
			"Kilthan": "किल्थाना",
			"Lakshadweep": "लक्षद्वीप",
			"Minicoy": "मिनीकॉय"
		},
		"Madhya Pradesh": {
			"Agar Malwa": "आगर मालवा",
			"Alirajpur": "अलीराजपुर",
			"Anuppur": "अनूपपुर",
			"Ashoknagar": "अशोकनगर",
			"Balaghat": "बालाघाटी",
			"Barwani": "बड़वानी",
			"Betul": "बेतुल",
			"Bhind": "भिंड",
			"Bhopal": "भोपाल",
			"Burhanpur": "बुरहानपुर",
			"Chhatarpur": "छतरपुर",
			"Chhindwara": "छिंदवाड़ा",
			"Damoh": "दमोह",
			"Datia": "दतिया",
			"Dewas": "देवास",
			"Dhar": "धार",
			"Dindori": "डिंडोरी",
			"Guna": "गुना",
			"Gwalior": "ग्वालियर",
			"Harda": "हरदा",
			"Hoshangabad": "होशंगाबाद",
			"Indore": "इंदौर",
			"Jabalpur": "जबलपुर",
			"Jhabua": "झाबुआ",
			"Katni": "कटनी",
			"Khandwa": "खंडवा",
			"Khargone": "खरगोन",
			"Mandla": "मंडला",
			"Mandsaur": "मन्दसौर",
			"Morena": "मुरैना",
			"Narsinghpur": "नरसिंहपुर",
			"Neemuch": "नीमच",
			"Niwari": "निवारी",
			"Other Region": "अन्य क्षेत्र",
			"Panna": "पन्ना",
			"Raisen": "रायसेन",
			"Rajgarh": "राजगढ़",
			"Ratlam": "रतलाम",
			"Rewa": "रेवा",
			"Sagar": "सागर",
			"Satna": "सतना",
			"Sehore": "सीहोर",
			"Seoni": "सिवनी",
			"Shahdol": "शाहडोल",
			"Shajapur": "शाजापुर",
			"Sheopur": "श्योपुर",
			"Shivpuri": "शिवपुरी",
			"Sidhi": "सीधी",
			"Singrauli": "सिंगरौली",
			"Tikamgarh": "टीकमगढ़",
			"Ujjain": "उज्जैन",
			"Umaria": "उमरिया",
			"Vidisha": "विदिशा"
		},
		"Maharashtra": {
			"Ahmednagar": "अहमदनगर",
			"Akola": "अकोला",
			"Amravati": "अमरावती",
			"Aurangabad": "औरंगाबाद",
			"Beed": "बीड",
			"Bhandara": "भंडार:",
			"Buldhana": "बुलढाना",
			"Chandrapur": "चंद्रपुर",
			"Dhule": "धुले",
			"Gadchiroli": "गडचिरोली",
			"Gondia": "गोंदिया",
			"Hingoli": "हिंगोली",
			"Jalgaon": "जलगांव",
			"Jalna": "जलना",
			"Kolhapur": "कोल्हापुर",
			"Latur": "लातूर",
			"Mumbai": "मुंबई",
			"Mumbai Suburban": "मुंबई उपनगर",
			"Nagpur": "नागपुर",
			"Nanded": "नांदेड़",
			"Nandurbar": "नंदुरबारी",
			"Nashik": "नासिक",
			"Osmanabad": "उस्मानाबाद",
			"Other State": "अन्य राज्य",
			"Palghar": "पालघर।",
			"Parbhani": "परभनी",
			"Pune": "पुणे",
			"Raigad": "रायगढ़",
			"Ratnagiri": "रत्नागिरि",
			"Sangli": "सांगली",
			"Satara": "सतारा",
			"Sindhudurg": "सिंधुदुर्ग",
			"Solapur": "सोलापुरसोलापुर",
			"Thane": "थाइन",
			"Wardha": "वर्धा",
			"Washim": "वाशिम",
			"Yavatmal": "यवतमाली"
		},
		"Manipur": {
			"Bishnupur": "बिश्नुपुर",
			"CAPF Personnel": "सीएपीएफ कार्मिक",
			"Chandel": "चंदेल",
			"Churachandpur": "छुरछंदपुर",
			"Imphal East": "इंफाल पूर्व",
			"Imphal West": "इंफाल पश्चिम",
			"Jiribam": "जिरीबाम",
			"Kakching": "काकचिंग",
			"Kamjong": "कामजोंग",
			"Kangpokpi": "कांगपोकपी",
			"Noney": "नोनी",
			"Pherzawl": "फेरज़ावली",
			"Senapati": "सेनापति",
			"Tamenglong": "तामेंगलांग",
			"Tengnoupal": "टेंग्नौपाल",
			"Thoubal": "थौबल",
			"Ukhrul": "उखरूल",
			"Unknown": "अनजान"
		},
		"Meghalaya": {
			"East Garo Hills": "पूर्वी गारो हिल्स",
			"East Jaintia Hills": "पूर्वी जयंतिया हिल्स",
			"East Khasi Hills": "पूर्वी खासी हिल्स",
			"North Garo Hills": "उत्तरी गारो हिल्स",
			"Ribhoi": "रिभोई",
			"South Garo Hills": "साउथ गारो हिल्स",
			"South West Garo Hills": "दक्षिण पश्चिम गारो हिल्स",
			"South West Khasi Hills": "दक्षिण पश्चिम खासी हिल्स",
			"West Garo Hills": "वेस्ट गारो हिल्स",
			"West Jaintia Hills": "पश्चिम जयंतिया हिल्स",
			"West Khasi Hills": "पश्चिम खासी हिल्स"
		},
		"Mizoram": {
			"Aizawl": "आइजोल",
			"Champhai": "चम्फाई",
			"Hnahthial": "हनहथियाल",
			"Khawzawl": "ख्वाजावली",
			"Kolasib": "कोलासिबो",
			"Lawngtlai": "लॉंगटलाई",
			"Lunglei": "लुंगलेई",
			"Mamit": "मामित",
			"Saiha": "सैहा",
			"Saitual": "सैतुअल",
			"Serchhip": "सेरछिप"
		},
		"Nagaland": {
			"Dimapur": "दीमापुर",
			"Kiphire": "किफायर",
			"Kohima": "कोहिमा",
			"Longleng": "लॉन्गलेंग",
			"Mokokchung": "मोकोकचुंग",
			"Mon": "सोमवार",
			"Others": "अन्य लोग",
			"Peren": "पेरेन",
			"Phek": "फेको",
			"Tuensang": "तुएनसांग",
			"Wokha": "वोखा",
			"Zunheboto": "जुन्हेबोटो"
		},
		"Odisha": {
			"Angul": "अंगुल",
			"Balangir": "बलांगीर",
			"Balasore": "बालासोर",
			"Bargarh": "बारगढ़",
			"Bhadrak": "भद्रक",
			"Boudh": "बौध",
			"Cuttack": "कटक",
			"Deogarh": "देवगढ़",
			"Dhenkanal": "ढेंकनाल",
			"Gajapati": "गजपति",
			"Ganjam": "गंजम",
			"Jagatsinghpur": "जगतसिंहपुर",
			"Jajpur": "जाजपुर",
			"Jharsuguda": "झारसुगुडा",
			"Kalahandi": "कालाहांडी",
			"Kandhamal": "कंधमाली",
			"Kendrapara": "केंद्रपाड़ा",
			"Kendujhar": "केंदुझारो",
			"Khordha": "खोरधा",
			"Koraput": "कोरापुट",
			"Malkangiri": "मल्कानगिरी",
			"Mayurbhanj": "मयूरभंजी",
			"Nabarangapur": "नबरंगपुर",
			"Nayagarh": "नयागढ़",
			"Nuapada": "नुआपाड़ा",
			"Others": "अन्य लोग",
			"Puri": "पुरी",
			"Rayagada": "रायगढ़",
			"Sambalpur": "संबलपुर",
			"Sonepur": "सोनेपुर",
			"State Pool": "राज्य पूल",
			"Subarnapur": "सुबर्णापुर",
			"Sundargarh": "सुंदरगढ़"
		},
		"Puducherry": {
			"Karaikal": "कराईकल",
			"Mahe": "माहे",
			"Puducherry": "पुडुचेरी",
			"Yanam": "यानामी"
		},
		"Punjab": {
			"Amritsar": "अमृतसर",
			"Barnala": "बरनाला",
			"Bathinda": "बठिंडा",
			"Faridkot": "फरीदकोट",
			"Fatehgarh Sahib": "फतेहगढ़ साहिब",
			"Fazilka": "फाजिल्का",
			"Ferozepur": "फिरोजपुर",
			"Gurdaspur": "गुरदासपुर",
			"Hoshiarpur": "होशियारपुर",
			"Jalandhar": "जालंधर",
			"Kapurthala": "कपूरथला",
			"Ludhiana": "लुधियाना",
			"Mansa": "मनसा",
			"Moga": "मोगा",
			"Muktsar": "मुक्तसर",
			"Nawanshahr": "नवांशहर",
			"Pathankot": "पठानकोट",
			"Patiala": "पटियाला",
			"Rupnagar": "\"रूपनगर\"",
			"S.A.S. Nagar": "एस.ए.एस. नगर",
			"Sangrur": "Sangrur",
			"Shahid Bhagat Singh Nagar": "शहीद भगत सिंह नगर",
			"Sri Muktsar Sahib": "श्री मुक्तसर साहिब",
			"Tarn Taran": "तरनतारन"
		},
		"Rajasthan": {
			"Ajmer": "अजमेर",
			"Alwar": "अलवाडी",
			"BSF Camp": "बीएसएफ कैंप",
			"Banswara": "बांसवाड़ा",
			"Baran": "बरनी",
			"Barmer": "बाड़मेर",
			"Bharatpur": "भरतपुर",
			"Bhilwara": "भीलवाड़ा",
			"Bikaner": "बीकानेर",
			"Bundi": "बूंदी",
			"Chittorgarh": "चित्तौड़गढ़",
			"Churu": "चुरू",
			"Dausa": "दौसा",
			"Dholpur": "धौलपुर",
			"Dungarpur": "डूंगरपुर",
			"Evacuees": "विस्थापितों",
			"Ganganagar": "गंगानगर",
			"Hanumangarh": "हनुमानगढ़",
			"Italians": "इटली",
			"Jaipur": "जयपुर",
			"Jaisalmer": "जैसलमेर",
			"Jalore": "जालौर",
			"Jhalawar": "झालावाडी",
			"Jhunjhunu": "झुंझुनू",
			"Jodhpur": "जोधपुर",
			"Karauli": "करौली",
			"Kota": "कोटा",
			"Nagaur": "नागौरी",
			"Other State": "अन्य राज्य",
			"Pali": "पाली",
			"Pratapgarh": "प्रतापगढ़",
			"Rajsamand": "राजसमंदो",
			"Sawai Madhopur": "सवाई माधोपुर",
			"Sikar": "सीकर",
			"Sirohi": "सिरोही",
			"Sri Ganganagar": "श्री गंगानगर",
			"Tonk": "टोंक",
			"Udaipur": "उदयपुर"
		},
		"Sikkim": {
			"East Sikkim": "पूर्वी सिक्किम",
			"North Sikkim": "उत्तरी सिक्किम",
			"South Sikkim": "दक्षिण सिक्किम",
			"Unknown": "अनजान",
			"West Sikkim": "पश्चिम सिक्किम"
		},
		"Tamil Nadu": {
			"Airport Quarantine": "एयरपोर्ट क्वारंटाइन",
			"Ariyalur": "अरियालुर",
			"Chengalpattu": "चेंगलपट्टू",
			"Chennai": "चेन्नई",
			"Coimbatore": "कोयंबटूर",
			"Cuddalore": "कुड्डालोर",
			"Dharmapuri": "धर्मपुरी",
			"Dindigul": "डिंडीगुल",
			"Erode": "खत्म",
			"Kallakurichi": "कल्लाकुरिची",
			"Kancheepuram": "कांचीपुरम",
			"Kanyakumari": "कन्याकूमारी",
			"Karur": "करूर",
			"Krishnagiri": "कृष्णागिरी",
			"Madurai": "मदुरै",
			"Nagapattinam": "नागपट्टिनम",
			"Namakkal": "नमक्कली",
			"Nilgiris": "नीलगिरी",
			"Other State": "अन्य राज्य",
			"Perambalur": "पेरम्बलुर",
			"Pudukkottai": "पुदुक्कोट्टई",
			"Railway Quarantine": "रेलवे संगरोध",
			"Ramanathapuram": "रामनाथपुरम",
			"Ranipet": "रानीपेट",
			"Salem": "सलेम",
			"Sivaganga": "शिवगंगा",
			"Tenkasi": "तेनकासी",
			"Thanjavur": "तंजावुरी",
			"Theni": "फिर म",
			"Thiruvallur": "तिरुवल्लुर",
			"Thiruvarur": "थिरुवरुर",
			"Thoothukkudi": "थुथुकुडी",
			"Tiruchirappalli": "तिरुचिरापल्ली",
			"Tirunelveli": "तिरुनेलवेली",
			"Tirupathur": "तिरुपथुरू",
			"Tiruppur": "तिरुपूर",
			"Tiruvallur": "तिरुवल्लुर",
			"Tiruvannamalai": "तिरुवन्नामलाई",
			"Tiruvarur": "तिरुवरुरू",
			"Vellore": "वेल्लोर",
			"Viluppuram": "विलुप्पुरम",
			"Virudhunagar": "विरुधुनगर"
		},
		"Telangana": {
			"Adilabad": "आदिलाबाद",
			"Bhadradri Kothagudem": "भद्राद्री कोठागुडेम",
			"Foreign Evacuees": "विदेशी निकासी",
			"Hyderabad": "हैदराबाद",
			"Jagtial": "जगतियाल",
			"Jangaon": "जनगांव",
			"Jayashankar Bhoopalpally": "जयशंकर भूपलपल्ली",
			"Jayashankar Bhupalapally": "जयशंकर भूपालपल्ली",
			"Jogulamba Gadwal": "जोगुलम्बा गडवाल",
			"Kamareddy": "कामारेड्डी",
			"Karimnagar": "करीमनगर",
			"Khammam": "खम्मम",
			"Komaram Bheem": "कोमाराम भीम",
			"Mahabubabad": "महबुबाबाद",
			"Mahabubnagar": "महबूबनगर",
			"Mancherial": "मंचेरियल",
			"Medak": "मेडक",
			"Medchal Malkajgiri": "मेडचल मलकाजगिरी",
			"Mulugu": "मुलुगु",
			"Nagarkurnool": "नगरकुरनूल",
			"Nalgonda": "नलगोंडा",
			"Narayanpet": "नारायणपेट",
			"Nirmal": "निर्मल",
			"Nizamabad": "निजामाबाद",
			"Other State": "अन्य राज्य",
			"Peddapalli": "पेद्दापल्ली",
			"Rajanna Sircilla": "राजन्ना सिरसिला",
			"Ranga Reddy": "रंगा रेड्डी",
			"Sangareddy": "संगारेड्डी",
			"Siddipet": "सिद्दीपेट",
			"Suryapet": "सूर्यापेट",
			"Unknown": "अनजान",
			"Vikarabad": "विकाराबाद",
			"Wanaparthy": "वानापर्थी",
			"Warangal Rural": "वारंगल ग्रामीण",
			"Warangal Urban": "वारंगल अर्बन",
			"Yadadri Bhuvanagiri": "यादाद्री भुवनागिरी"
		},
		"Tripura": {
			"Dhalai": "ढलाई",
			"Gomati": "गोमती",
			"Khowai": "खोवाई",
			"North Tripura": "उत्तर त्रिपुरा",
			"Sipahijala": "सिपाहिजला",
			"South Tripura": "दक्षिण त्रिपुरा",
			"Unokoti": "अनकोटी",
			"West Tripura": "पश्चिम त्रिपुरा"
		},
		"Uttar Pradesh": {
			"Agra": "आगरा",
			"Aligarh": "अलीगढ़",
			"Allahabad": "इलाहाबाद",
			"Ambedkar Nagar": "अम्बेडकर नगर",
			"Amethi": "अमेठी",
			"Amroha": "अमरोहा",
			"Auraiya": "औरैया",
			"Ayodhya": "अयोध्या",
			"Azamgarh": "आजमगढ़",
			"Baghpat": "बागपत",
			"Bahraich": "बहराइच",
			"Ballia": "बलिया",
			"Balrampur": "बलरामपुर",
			"Banda": "बाँदा",
			"Barabanki": "बाराबंकी",
			"Bareilly": "बरेली",
			"Basti": "बस्ती",
			"Bhadohi": "भदोही",
			"Bijnor": "बिजनौर",
			"Budaun": "शाहजहांपुर",
			"Bulandshahr": "बुलंदशहर",
			"Chandauli": "चंदौली",
			"Chitrakoot": "चित्रकूट",
			"Deoria": "देवरिया",
			"Etah": "एटा",
			"Etawah": "इटावा",
			"Faizabad": "फैजाबाद",
			"Farrukhabad": "फर्रुखाबाद",
			"Fatehpur": "फतेहपुर",
			"Firozabad": "फिरोजाबाद",
			"Gautam Buddha Nagar": "गौतम बुद्ध नगर",
			"Ghaziabad": "गाज़ियाबाद",
			"Ghazipur": "गाजीपुर",
			"Gonda": "गोंडा",
			"Gorakhpur": "गोरखपुर",
			"Hamirpur": "हमीरपुर",
			"Hapur": "हापुड़",
			"Hardoi": "हरदोई",
			"Hathras": "हाथरस",
			"Jalaun": "जालौन",
			"Jaunpur": "जौनपुर",
			"Jhansi": "झांसी",
			"Kannauj": "कन्नौज",
			"Kanpur Dehat": "कानपुर देहात",
			"Kanpur Nagar": "कानपुर नगर",
			"Kanshiram Nagar": "",
			"Kasganj": "कासगंज",
			"Kaushambi": "कौशाम्बी",
			"Kushinagar": "कुशीनगर",
			"Lakhimpur Kheri": "लखीमपुर खीरी",
			"Lalitpur": "Lalitpur",
			"Lucknow": "लखनऊ",
			"Maharajganj": "महाराजगंज",
			"Mahoba": "महोबा",
			"Mainpuri": "मैनपुरी",
			"Mathura": "मथुरा",
			"Mau": "मौ",
			"Meerut": "मेरठ",
			"Mirzapur": "मिर्जापुर",
			"Moradabad": "मुरादाबाद",
			"Muzaffarnagar": "मुजफ्फरनगर",
			"Pilibhit": "पीलीभीत",
			"Pratapgarh": "प्रतापगढ़",
			"Prayagraj": "प्रयागराज",
			"Rae Bareli": "रायबरेली",
			"Rampur": "रामपुर",
			"Saharanpur": "सहारनपुर",
			"Sambhal": "संभल",
			"Sant Kabir Nagar": "संत कबीर नगर",
			"Shahjahanpur": "शाहजहांपुर",
			"Shamli": "शामली",
			"Shrawasti": "श्रावस्ती",
			"Siddharthnagar": "सिद्धार्थनगर",
			"Sitapur": "सीतापुर",
			"Sonbhadra": "सोनभद्र",
			"Sultanpur": "सुल्तानपुर",
			"Unnao": "उन्नाव",
			"Varanasi": "वाराणसी"
		},
		"Uttarakhand": {
			"Almora": "अल्मोड़ा",
			"Bageshwar": "बागेश्वर",
			"Chamoli": "चमोली",
			"Champawat": "चम्पावत",
			"Dehradun": "देहरादून",
			"Haridwar": "हरिद्वार",
			"Nainital": "नैनीताल",
			"Pauri Garhwal": "पौड़ी गढ़वाली",
			"Pithoragarh": "पिथोरागढ़",
			"Rudraprayag": "रुद्रप्रयाग",
			"Tehri Garhwal": "टिहरी गढ़वाल",
			"Udham Singh Nagar": "उधम सिंह नगर",
			"Uttarkashi": "उत्तरकाशी"
		},
		"West Bengal": {
			"Alipurduar": "अलीपुरद्वार",
			"Bankura": "बांकुड़ा",
			"Birbhum": "बीरभूम",
			"Burdwan": "बर्दवान",
			"Cooch Behar": "कूच बिहारी",
			"Dakshin Dinajpur": "दक्षिण दिनाजपुर",
			"Darjeeling": "दार्जिलिंग",
			"Hooghly": "हुगली",
			"Howrah": "हावड़ा",
			"Jalpaiguri": "जलपाईगुड़ी",
			"Jhargram": "झारग्राम",
			"Kalimpong": "कलिम्पोंग",
			"Kolkata": "कोलकाता",
			"Malda": "मालदा",
			"Murshidabad": "मुर्शिदाबाद",
			"Nadia": "नादिया",
			"North 24 Parganas": "उत्तर 24 परगना",
			"Other State": "अन्य राज्य",
			"Paschim Bardhaman": "पश्चिम बर्धमान",
			"Paschim Medinipur": "पश्चिम मेदिनीपुर",
			"Purba Bardhaman": "पूर्ब बर्धमान",
			"Purba Medinipur": "पूर्ब मेदिनीपुर",
			"Purulia": "पुरुलिया",
			"South 24 Parganas": "दक्षिण 24 परगना",
			"Uttar Dinajpur": "उत्तर दिनाजपुर"
		}
	},
	"tableColumn": {
		"Andaman and Nicobar Islands": "अंडमान एवं निकोबार द्वीपसमूह",
		"Andhra Pradesh": "आंध्र प्रदेश",
		"Arunachal Pradesh": "अरुणाचल प्रदेश",
		"Assam": "असम",
		"Bihar": "बिहार",
		"Chandigarh": "चण्‍डीगढ़",
		"Chhattisgarh": "छत्तीसगढ़",
		"Dadra and Nagar Haveli and Daman and Diu": "दमन",
		"Delhi": "दिल्‍ली",
		"Goa": "गोवा",
		"Gujarat": "गुजरात",
		"Haryana": "हरियाणा",
		"Himachal Pradesh": "हिमाचल प्रदेश",
		"Jammu and Kashmir": "जम्‍मू एवं कश्‍मीर",
		"Jharkhand": "झारखण्ड",
		"Karnataka": "कर्नाटक",
		"Kerala": "केरल",
		"Ladakh": "लद्दाख",
		"Lakshadweep": "लक्षद्वीप",
		"Madhya Pradesh": "मध्य प्रदेश",
		"Maharashtra": "महाराष्ट्र",
		"Manipur": "मणिपुर",
		"Meghalaya": "मेघालय",
		"Mizoram": "मिजोरम",
		"Nagaland": "नागालैंड",
		"Odisha": "ओडिशा",
		"Puducherry": "पुडुचेरी",
		"Punjab": "पंजाब",
		"Rajasthan": "राजस्थान",
		"Sikkim": "सिक्किम",
		"Tamil Nadu": "तमिल नाडू",
		"Telangana": "तेलंगाना",
		"Tripura": "त्रिपुरा",
		"Uttar Pradesh": "उत्तर प्रदेश",
		"Uttarakhand": "उत्तराखंड",
		"West Bengal": "पश्चिम बंगाल"
	},
	"tableHeader": {
		"active": "सक्रिय",
		"confirmed": "की पुष्टि",
		"deceased": "मृतक",
		"district": "जिला",
		"recovered": "बरामद",
		"state": "राज्य"
	}
}
